symbol,header,message,date,amount
JPM,Dividend,JPM announced a cash dividend of 1.40 with an ex-date of Apr. 4 2025,2025-04-04,1.40
MA,Dividend,MA announced a cash dividend of 0.76 with an ex-date of Apr. 9 2025,2025-04-09,0.76
ORCL,Dividend,ORCL announced a cash dividend of 0.50 with an ex-date of Apr. 10 2025,2025-04-10,0.50
NVO,Dividend,NVO announced a cash dividend of 1.099 with an ex-date of Mar. 31 2025,2025-03-31,1.099
ABBV,Dividend,ABBV announced a cash dividend of 1.64 with an ex-date of Apr. 15 2025,2025-04-15,1.64
CRM,Dividend,CRM announced a cash dividend of 0.42 with an ex-date of Apr. 10 2025,2025-04-10,0.42
ASML,Dividend,ASML announced a cash dividend of 1.919 with an ex-date of Apr. 28 2025,2025-04-28,1.919
CSCO,Dividend,CSCO announced a cash dividend of 0.41 with an ex-date of Apr. 3 2025,2025-04-03,0.41
ACN,Dividend,ACN announced a cash dividend of 1.48 with an ex-date of Apr. 10 2025,2025-04-10,1.48
AXP,Dividend,AXP announced a cash dividend of 0.82 with an ex-date of Apr. 4 2025,2025-04-04,0.82
ABT,Dividend,ABT announced a cash dividend of 0.59 with an ex-date of Apr. 15 2025,2025-04-15,0.59
INTU,Dividend,INTU announced a cash dividend of 1.04 with an ex-date of Apr. 10 2025,2025-04-10,1.04
VZ,Dividend,VZ announced a cash dividend of 0.678 with an ex-date of Apr. 10 2025,2025-04-10,0.678
RY,Dividend,RY announced a cash dividend of 1.48 with an ex-date of Apr. 24 2025,2025-04-24,1.48
CMCSA,Dividend,CMCSA announced a cash dividend of 0.33 with an ex-date of Apr. 2 2025,2025-04-02,0.33
PGR,Dividend,PGR announced a cash dividend of 0.10 with an ex-date of Apr. 3 2025,2025-04-03,0.10
LOW,Dividend,LOW announced a cash dividend of 1.15 with an ex-date of Apr. 23 2025,2025-04-23,1.15
SYK,Dividend,SYK announced a cash dividend of 0.84 with an ex-date of Mar. 31 2025,2025-03-31,0.84
EADSY,Dividend,EADSY announced a cash dividend of 0.538 with an ex-date of Apr. 23 2025,2025-04-23,0.538
BMY,Dividend,BMY announced a cash dividend of 0.62 with an ex-date of Apr. 4 2025,2025-04-04,0.62
DE,Dividend,DE announced a cash dividend of 1.62 with an ex-date of Mar. 31 2025,2025-03-31,1.62
MMC,Dividend,MMC announced a cash dividend of 0.815 with an ex-date of Apr. 3 2025,2025-04-03,0.815
MRVL,Dividend,MRVL announced a cash dividend of 0.06 with an ex-date of Apr. 11 2025,2025-04-11,0.06
UBS,Dividend,UBS announced a cash dividend of 0.90 with an ex-date of Apr. 16 2025,2025-04-16,0.90
MU,Dividend,MU announced a cash dividend of 0.115 with an ex-date of Mar. 31 2025,2025-03-31,0.115
TD,Dividend,TD announced a cash dividend of 1.05 with an ex-date of Apr. 10 2025,2025-04-10,1.05
AMT,Dividend,AMT announced a cash dividend of 1.70 with an ex-date of Apr. 11 2025,2025-04-11,1.70
DELL,Dividend,DELL announced a cash dividend of 0.525 with an ex-date of Apr. 22 2025,2025-04-22,0.525
MDLZ,Dividend,MDLZ announced a cash dividend of 0.47 with an ex-date of Mar. 31 2025,2025-03-31,0.47
PBR,Dividend,PBR announced a cash dividend of 0.25 with an ex-date of Apr. 22 2025,2025-04-22,0.25
RACE,Dividend,RACE announced a cash dividend of 2.986 with an ex-date of Apr. 23 2025,2025-04-23,2.986
USB,Dividend,USB announced a cash dividend of 0.50 with an ex-date of Mar. 31 2025,2025-03-31,0.50
ITW,Dividend,ITW announced a cash dividend of 1.50 with an ex-date of Mar. 31 2025,2025-03-31,1.50
CL,Dividend,CL announced a cash dividend of 0.52 with an ex-date of Apr. 17 2025,2025-04-17,0.52
ZTS,Dividend,ZTS announced a cash dividend of 0.50 with an ex-date of Apr. 21 2025,2025-04-21,0.50
BNS,Dividend,BNS announced a cash dividend of 1.06 with an ex-date of Apr. 1 2025,2025-04-01,1.06
GD,Dividend,GD announced a cash dividend of 1.50 with an ex-date of Apr. 11 2025,2025-04-11,1.50
EOG,Dividend,EOG announced a cash dividend of 0.975 with an ex-date of Apr. 16 2025,2025-04-16,0.975
BMO,Dividend,BMO announced a cash dividend of 1.59 with an ex-date of Apr. 29 2025,2025-04-29,1.59
SAN,Dividend,SAN announced a cash dividend of 0.115 with an ex-date of Apr. 30 2025,2025-04-30,0.115
APD,Dividend,APD announced a cash dividend of 1.79 with an ex-date of Apr. 1 2025,2025-04-01,1.79
RSG,Dividend,RSG announced a cash dividend of 0.58 with an ex-date of Apr. 2 2025,2025-04-02,0.58
CVS,Dividend,CVS announced a cash dividend of 0.665 with an ex-date of Apr. 22 2025,2025-04-22,0.665
JD,Dividend,JD announced a cash dividend of 1.00 with an ex-date of Apr. 8 2025,2025-04-08,1.00
BBVA,Dividend,BBVA announced a cash dividend of 0.444 with an ex-date of Apr. 9 2025,2025-04-09,0.444
ROP,Dividend,ROP announced a cash dividend of 0.825 with an ex-date of Apr. 4 2025,2025-04-04,0.825
FCX,Dividend,FCX announced a cash dividend of 0.15 with an ex-date of Apr. 15 2025,2025-04-15,0.15
TRP,Dividend,TRP announced a cash dividend of 0.85 with an ex-date of Mar. 31 2025,2025-03-31,0.85
ING,Dividend,ING announced a cash dividend of 0.768 with an ex-date of Apr. 25 2025,2025-04-25,0.768
PWR,Dividend,PWR announced a cash dividend of 0.10 with an ex-date of Apr. 3 2025,2025-04-03,0.10
CTA-PA,Dividend,CTA-PA announced a cash dividend of 0.875 with an ex-date of Apr. 4 2025,2025-04-04,0.875
O,Dividend,O announced a cash dividend of 0.269 with an ex-date of Apr. 1 2025,2025-04-01,0.269
ITUB,Dividend,ITUB announced a cash dividend of 0.003 with an ex-date of Apr. 2 2025,2025-04-02,0.003
PCG,Dividend,PCG announced a cash dividend of 0.025 with an ex-date of Mar. 31 2025,2025-03-31,0.025
BAESY,Dividend,BAESY announced a cash dividend of 1.044 with an ex-date of Apr. 22 2025,2025-04-22,1.044
HLN,Dividend,HLN announced a cash dividend of 0.117 with an ex-date of Apr. 25 2025,2025-04-25,0.117
A,Dividend,A announced a cash dividend of 0.248 with an ex-date of Apr. 1 2025,2025-04-01,0.248
CAIXY,Dividend,CAIXY announced a cash dividend of 0.103 with an ex-date of Apr. 22 2025,2025-04-22,0.103
SYY,Dividend,SYY announced a cash dividend of 0.51 with an ex-date of Apr. 4 2025,2025-04-04,0.51
STLA,Dividend,STLA announced a cash dividend of 0.68 with an ex-date of Apr. 23 2025,2025-04-23,0.68
GEHC,Dividend,GEHC announced a cash dividend of 0.035 with an ex-date of Apr. 25 2025,2025-04-25,0.035
GIS,Dividend,GIS announced a cash dividend of 0.60 with an ex-date of Apr. 10 2025,2025-04-10,0.60
PPERY,Dividend,PPERY announced a cash dividend of 1.125 with an ex-date of Apr. 15 2025,2025-04-15,1.125
RJF,Dividend,RJF announced a cash dividend of 0.50 with an ex-date of Apr. 1 2025,2025-04-01,0.50
ANYYY,Dividend,ANYYY announced a cash dividend of 1.024 with an ex-date of Apr. 23 2025,2025-04-23,1.024
WTW,Dividend,WTW announced a cash dividend of 0.92 with an ex-date of Mar. 31 2025,2025-03-31,0.92
AVB,Dividend,AVB announced a cash dividend of 1.75 with an ex-date of Mar. 31 2025,2025-03-31,1.75
EIX,Dividend,EIX announced a cash dividend of 0.827 with an ex-date of Apr. 7 2025,2025-04-07,0.827
MPWR,Dividend,MPWR announced a cash dividend of 1.56 with an ex-date of Mar. 31 2025,2025-03-31,1.56
CAH,Dividend,CAH announced a cash dividend of 0.506 with an ex-date of Apr. 1 2025,2025-04-01,0.506
STT,Dividend,STT announced a cash dividend of 0.76 with an ex-date of Apr. 1 2025,2025-04-01,0.76
FITB,Dividend,FITB announced a cash dividend of 0.37 with an ex-date of Mar. 31 2025,2025-03-31,0.37
EQR,Dividend,EQR announced a cash dividend of 0.692 with an ex-date of Mar. 31 2025,2025-03-31,0.692
NUE,Dividend,NUE announced a cash dividend of 0.55 with an ex-date of Mar. 31 2025,2025-03-31,0.55
NVZMY,Dividend,NVZMY announced a cash dividend of 0.611 with an ex-date of Apr. 7 2025,2025-04-07,0.611
WPM,Dividend,WPM announced a cash dividend of 0.165 with an ex-date of Apr. 1 2025,2025-04-01,0.165
VLTO,Dividend,VLTO announced a cash dividend of 0.11 with an ex-date of Mar. 31 2025,2025-03-31,0.11
VTR,Dividend,VTR announced a cash dividend of 0.48 with an ex-date of Mar. 31 2025,2025-03-31,0.48
WST,Dividend,WST announced a cash dividend of 0.21 with an ex-date of Apr. 30 2025,2025-04-30,0.21
NTAP,Dividend,NTAP announced a cash dividend of 0.52 with an ex-date of Apr. 4 2025,2025-04-04,0.52
WSM,Dividend,WSM announced a cash dividend of 0.66 with an ex-date of Apr. 17 2025,2025-04-17,0.66
NTR,Dividend,NTR announced a cash dividend of 0.545 with an ex-date of Mar. 31 2025,2025-03-31,0.545
DRI,Dividend,DRI announced a cash dividend of 1.40 with an ex-date of Apr. 10 2025,2025-04-10,1.40
BEKE,Dividend,BEKE announced a cash dividend of 0.36 with an ex-date of Apr. 9 2025,2025-04-09,0.36
LII,Dividend,LII announced a cash dividend of 1.15 with an ex-date of Apr. 30 2025,2025-04-30,1.15
ERIE,Dividend,ERIE announced a cash dividend of 1.365 with an ex-date of Apr. 7 2025,2025-04-07,1.365
ZBH,Dividend,ZBH announced a cash dividend of 0.24 with an ex-date of Mar. 31 2025,2025-03-31,0.24
MKC,Dividend,MKC announced a cash dividend of 0.45 with an ex-date of Apr. 7 2025,2025-04-07,0.45
CLX,Dividend,CLX announced a cash dividend of 1.22 with an ex-date of Apr. 23 2025,2025-04-23,1.22
IHG,Dividend,IHG announced a cash dividend of 1.144 with an ex-date of Apr. 4 2025,2025-04-04,1.144
SGSOY,Dividend,SGSOY announced a cash dividend of 0.363 with an ex-date of Apr. 3 2025,2025-04-03,0.363
ESS,Dividend,ESS announced a cash dividend of 2.57 with an ex-date of Mar. 31 2025,2025-03-31,2.57
MAA,Dividend,MAA announced a cash dividend of 1.515 with an ex-date of Apr. 15 2025,2025-04-15,1.515
ARE,Dividend,ARE announced a cash dividend of 1.32 with an ex-date of Mar. 31 2025,2025-03-31,1.32
HRL,Dividend,HRL announced a cash dividend of 0.29 with an ex-date of Apr. 14 2025,2025-04-14,0.29
STLD,Dividend,STLD announced a cash dividend of 0.50 with an ex-date of Mar. 31 2025,2025-03-31,0.50
EC,Dividend,EC announced a cash dividend of 0.52 with an ex-date of Apr. 3 2025,2025-04-03,0.52
NI,Dividend,NI announced a cash dividend of 0.28 with an ex-date of Apr. 30 2025,2025-04-30,0.28
DGX,Dividend,DGX announced a cash dividend of 0.80 with an ex-date of Apr. 7 2025,2025-04-07,0.80
PNR,Dividend,PNR announced a cash dividend of 0.25 with an ex-date of Apr. 17 2025,2025-04-17,0.25
SUI,Dividend,SUI announced a cash dividend of 0.94 with an ex-date of Mar. 31 2025,2025-03-31,0.94
DG,Dividend,DG announced a cash dividend of 0.59 with an ex-date of Apr. 8 2025,2025-04-08,0.59
UDR,Dividend,UDR announced a cash dividend of 0.43 with an ex-date of Apr. 10 2025,2025-04-10,0.43
LINE,Dividend,LINE announced a cash dividend of 0.527 with an ex-date of Mar. 31 2025,2025-03-31,0.527
MORN,Dividend,MORN announced a cash dividend of 0.455 with an ex-date of Apr. 4 2025,2025-04-04,0.455
ACM,Dividend,ACM announced a cash dividend of 0.26 with an ex-date of Apr. 2 2025,2025-04-02,0.26
KKPNY,Dividend,KKPNY announced a cash dividend of 0.106 with an ex-date of Apr. 23 2025,2025-04-23,0.106
GGG,Dividend,GGG announced a cash dividend of 0.275 with an ex-date of Apr. 14 2025,2025-04-14,0.275
RVTY,Dividend,RVTY announced a cash dividend of 0.07 with an ex-date of Apr. 17 2025,2025-04-17,0.07
JBAXY,Dividend,JBAXY announced a cash dividend of 0.568 with an ex-date of Apr. 15 2025,2025-04-15,0.568
BXP,Dividend,BXP announced a cash dividend of 0.98 with an ex-date of Mar. 31 2025,2025-03-31,0.98
TOL,Dividend,TOL announced a cash dividend of 0.25 with an ex-date of Apr. 11 2025,2025-04-11,0.25
RTO,Dividend,RTO announced a cash dividend of 0.382 with an ex-date of Apr. 4 2025,2025-04-04,0.382
CPB,Dividend,CPB announced a cash dividend of 0.39 with an ex-date of Apr. 3 2025,2025-04-03,0.39
CPT,Dividend,CPT announced a cash dividend of 1.05 with an ex-date of Mar. 31 2025,2025-03-31,1.05
HST,Dividend,HST announced a cash dividend of 0.20 with an ex-date of Mar. 31 2025,2025-03-31,0.20
WPC,Dividend,WPC announced a cash dividend of 0.89 with an ex-date of Mar. 31 2025,2025-03-31,0.89
ESLT,Dividend,ESLT announced a cash dividend of 0.60 with an ex-date of Apr. 22 2025,2025-04-22,0.60
NVT,Dividend,NVT announced a cash dividend of 0.20 with an ex-date of Apr. 25 2025,2025-04-25,0.20
TFII,Dividend,TFII announced a cash dividend of 0.45 with an ex-date of Mar. 31 2025,2025-03-31,0.45
YMM,Dividend,YMM announced a cash dividend of 0.096 with an ex-date of Apr. 7 2025,2025-04-07,0.096
NLY,Dividend,NLY announced a cash dividend of 0.70 with an ex-date of Mar. 31 2025,2025-03-31,0.70
BEN,Dividend,BEN announced a cash dividend of 0.32 with an ex-date of Mar. 31 2025,2025-03-31,0.32
LECO,Dividend,LECO announced a cash dividend of 0.75 with an ex-date of Mar. 31 2025,2025-03-31,0.75
RRX,Dividend,RRX announced a cash dividend of 0.35 with an ex-date of Mar. 31 2025,2025-03-31,0.35
SNX,Dividend,SNX announced a cash dividend of 0.44 with an ex-date of Apr. 11 2025,2025-04-11,0.44
HTHT,Dividend,HTHT announced a cash dividend of 0.97 with an ex-date of Apr. 9 2025,2025-04-09,0.97
CUBE,Dividend,CUBE announced a cash dividend of 0.52 with an ex-date of Apr. 1 2025,2025-04-01,0.52
DOX,Dividend,DOX announced a cash dividend of 0.527 with an ex-date of Mar. 31 2025,2025-03-31,0.527
FRT,Dividend,FRT announced a cash dividend of 1.10 with an ex-date of Apr. 1 2025,2025-04-01,1.10
AYI,Dividend,AYI announced a cash dividend of 0.17 with an ex-date of Apr. 17 2025,2025-04-17,0.17
GL,Dividend,GL announced a cash dividend of 0.27 with an ex-date of Apr. 3 2025,2025-04-03,0.27
EHC,Dividend,EHC announced a cash dividend of 0.17 with an ex-date of Apr. 1 2025,2025-04-01,0.17
GAP,Dividend,GAP announced a cash dividend of 0.165 with an ex-date of Apr. 9 2025,2025-04-09,0.165
REXR,Dividend,REXR announced a cash dividend of 0.43 with an ex-date of Mar. 31 2025,2025-03-31,0.43
INGR,Dividend,INGR announced a cash dividend of 0.80 with an ex-date of Apr. 1 2025,2025-04-01,0.80
RGLD,Dividend,RGLD announced a cash dividend of 0.45 with an ex-date of Apr. 4 2025,2025-04-04,0.45
NYT,Dividend,NYT announced a cash dividend of 0.18 with an ex-date of Apr. 1 2025,2025-04-01,0.18
APA,Dividend,APA announced a cash dividend of 0.25 with an ex-date of Apr. 22 2025,2025-04-22,0.25
MNSO,Dividend,MNSO announced a cash dividend of 0.327 with an ex-date of Apr. 8 2025,2025-04-08,0.327
AGNC,Dividend,AGNC announced a cash dividend of 0.12 with an ex-date of Mar. 31 2025,2025-03-31,0.12
OGE,Dividend,OGE announced a cash dividend of 0.421 with an ex-date of Apr. 7 2025,2025-04-07,0.421
BRX,Dividend,BRX announced a cash dividend of 0.287 with an ex-date of Apr. 2 2025,2025-04-02,0.287
MTCH,Dividend,MTCH announced a cash dividend of 0.19 with an ex-date of Apr. 3 2025,2025-04-03,0.19
FSV,Dividend,FSV announced a cash dividend of 0.275 with an ex-date of Mar. 31 2025,2025-03-31,0.275
PEGA,Dividend,PEGA announced a cash dividend of 0.03 with an ex-date of Apr. 1 2025,2025-04-01,0.03
TTC,Dividend,TTC announced a cash dividend of 0.38 with an ex-date of Mar. 31 2025,2025-03-31,0.38
EGP,Dividend,EGP announced a cash dividend of 1.40 with an ex-date of Mar. 31 2025,2025-03-31,1.40
CIB,Dividend,CIB announced a cash dividend of 3.812 with an ex-date of Mar. 31 2025,2025-03-31,3.812
OUKPY,Dividend,OUKPY announced a cash dividend of 0.103 with an ex-date of Apr. 28 2025,2025-04-28,0.103
ADC,Dividend,ADC announced a cash dividend of 0.253 with an ex-date of Mar. 31 2025,2025-03-31,0.253
ENSG,Dividend,ENSG announced a cash dividend of 0.062 with an ex-date of Mar. 31 2025,2025-03-31,0.062
AXS,Dividend,AXS announced a cash dividend of 0.44 with an ex-date of Mar. 31 2025,2025-03-31,0.44
DDS,Dividend,DDS announced a cash dividend of 0.25 with an ex-date of Mar. 31 2025,2025-03-31,0.25
ESAB,Dividend,ESAB announced a cash dividend of 0.08 with an ex-date of Apr. 4 2025,2025-04-04,0.08
SSD,Dividend,SSD announced a cash dividend of 0.28 with an ex-date of Apr. 3 2025,2025-04-03,0.28
BXSL,Dividend,BXSL announced a cash dividend of 0.77 with an ex-date of Mar. 31 2025,2025-03-31,0.77
FR,Dividend,FR announced a cash dividend of 0.445 with an ex-date of Mar. 31 2025,2025-03-31,0.445
VIPS,Dividend,VIPS announced a cash dividend of 0.48 with an ex-date of Apr. 11 2025,2025-04-11,0.48
CHH,Dividend,CHH announced a cash dividend of 0.287 with an ex-date of Apr. 1 2025,2025-04-01,0.287
STWD,Dividend,STWD announced a cash dividend of 0.48 with an ex-date of Mar. 31 2025,2025-03-31,0.48
GNTX,Dividend,GNTX announced a cash dividend of 0.12 with an ex-date of Apr. 9 2025,2025-04-09,0.12
RHP,Dividend,RHP announced a cash dividend of 1.15 with an ex-date of Mar. 31 2025,2025-03-31,1.15
SPXSY,Dividend,SPXSY announced a cash dividend of 0.761 with an ex-date of Apr. 25 2025,2025-04-25,0.761
STAG,Dividend,STAG announced a cash dividend of 0.124 with an ex-date of Mar. 31 2025,2025-03-31,0.124
FMC,Dividend,FMC announced a cash dividend of 0.58 with an ex-date of Mar. 31 2025,2025-03-31,0.58
QFIN,Dividend,QFIN announced a cash dividend of 0.70 with an ex-date of Apr. 23 2025,2025-04-23,0.70
OBDC,Dividend,OBDC announced a cash dividend of 0.37 with an ex-date of Mar. 31 2025,2025-03-31,0.37
RITM,Dividend,RITM announced a cash dividend of 0.25 with an ex-date of Mar. 31 2025,2025-03-31,0.25
TIMB,Dividend,TIMB announced a cash dividend of 0.178 with an ex-date of Apr. 4 2025,2025-04-04,0.178
GBCI,Dividend,GBCI announced a cash dividend of 0.33 with an ex-date of Apr. 8 2025,2025-04-08,0.33
KRG,Dividend,KRG announced a cash dividend of 0.27 with an ex-date of Apr. 9 2025,2025-04-09,0.27
CMC,Dividend,CMC announced a cash dividend of 0.18 with an ex-date of Mar. 31 2025,2025-03-31,0.18
NFG,Dividend,NFG announced a cash dividend of 0.515 with an ex-date of Mar. 31 2025,2025-03-31,0.515
SAIC,Dividend,SAIC announced a cash dividend of 0.37 with an ex-date of Apr. 11 2025,2025-04-11,0.37
EPRT,Dividend,EPRT announced a cash dividend of 0.295 with an ex-date of Mar. 31 2025,2025-03-31,0.295
LNC,Dividend,LNC announced a cash dividend of 0.45 with an ex-date of Apr. 10 2025,2025-04-10,0.45
CIG,Dividend,CIG announced a cash dividend of 0.033 with an ex-date of Mar. 31 2025,2025-03-31,0.033
MAIN,Dividend,MAIN announced a cash dividend of 0.25 with an ex-date of Apr. 8 2025,2025-04-08,0.25
HMY,Dividend,HMY announced a cash dividend of 0.124 with an ex-date of Apr. 11 2025,2025-04-11,0.124
CHX,Dividend,CHX announced a cash dividend of 0.095 with an ex-date of Apr. 4 2025,2025-04-04,0.095
IDCC,Dividend,IDCC announced a cash dividend of 0.60 with an ex-date of Apr. 9 2025,2025-04-09,0.60
THO,Dividend,THO announced a cash dividend of 0.50 with an ex-date of Apr. 8 2025,2025-04-08,0.50
CUZ,Dividend,CUZ announced a cash dividend of 0.32 with an ex-date of Apr. 3 2025,2025-04-03,0.32
PECO,Dividend,PECO announced a cash dividend of 0.102 with an ex-date of Apr. 15 2025,2025-04-15,0.102
SOBO,Dividend,SOBO announced a cash dividend of 0.50 with an ex-date of Mar. 31 2025,2025-03-31,0.50
CTRE,Dividend,CTRE announced a cash dividend of 0.335 with an ex-date of Mar. 31 2025,2025-03-31,0.335
SLG,Dividend,SLG announced a cash dividend of 0.257 with an ex-date of Mar. 31 2025,2025-03-31,0.257
KRC,Dividend,KRC announced a cash dividend of 0.54 with an ex-date of Mar. 31 2025,2025-03-31,0.54
ACA,Dividend,ACA announced a cash dividend of 0.05 with an ex-date of Apr. 15 2025,2025-04-15,0.05
SM,Dividend,SM announced a cash dividend of 0.20 with an ex-date of Apr. 17 2025,2025-04-17,0.20
SFBS,Dividend,SFBS announced a cash dividend of 0.335 with an ex-date of Apr. 1 2025,2025-04-01,0.335
TNET,Dividend,TNET announced a cash dividend of 0.275 with an ex-date of Apr. 1 2025,2025-04-01,0.275
TXNM,Dividend,TXNM announced a cash dividend of 0.407 with an ex-date of Apr. 25 2025,2025-04-25,0.407
MSM,Dividend,MSM announced a cash dividend of 0.85 with an ex-date of Apr. 9 2025,2025-04-09,0.85
AHR,Dividend,AHR announced a cash dividend of 0.25 with an ex-date of Mar. 31 2025,2025-03-31,0.25
PRIM,Dividend,PRIM announced a cash dividend of 0.08 with an ex-date of Mar. 31 2025,2025-03-31,0.08
ABCB,Dividend,ABCB announced a cash dividend of 0.20 with an ex-date of Mar. 31 2025,2025-03-31,0.20
TIGO,Dividend,TIGO announced a cash dividend of 0.75 with an ex-date of Apr. 8 2025,2025-04-08,0.75
KAI,Dividend,KAI announced a cash dividend of 0.34 with an ex-date of Apr. 9 2025,2025-04-09,0.34
GVA,Dividend,GVA announced a cash dividend of 0.13 with an ex-date of Mar. 31 2025,2025-03-31,0.13
BANF,Dividend,BANF announced a cash dividend of 0.46 with an ex-date of Mar. 31 2025,2025-03-31,0.46
GHC,Dividend,GHC announced a cash dividend of 1.80 with an ex-date of Apr. 17 2025,2025-04-17,1.80
DEI,Dividend,DEI announced a cash dividend of 0.19 with an ex-date of Mar. 31 2025,2025-03-31,0.19
DOOO,Dividend,DOOO announced a cash dividend of 0.215 with an ex-date of Apr. 4 2025,2025-04-04,0.215
APLE,Dividend,APLE announced a cash dividend of 0.08 with an ex-date of Mar. 31 2025,2025-03-31,0.08
TGLS,Dividend,TGLS announced a cash dividend of 0.15 with an ex-date of Mar. 31 2025,2025-03-31,0.15
CDP,Dividend,CDP announced a cash dividend of 0.305 with an ex-date of Mar. 31 2025,2025-03-31,0.305
AQN,Dividend,AQN announced a cash dividend of 0.065 with an ex-date of Mar. 31 2025,2025-03-31,0.065
BRC,Dividend,BRC announced a cash dividend of 0.24 with an ex-date of Apr. 9 2025,2025-04-09,0.24
FULT,Dividend,FULT announced a cash dividend of 0.18 with an ex-date of Apr. 1 2025,2025-04-01,0.18
OR,Dividend,OR announced a cash dividend of 0.065 with an ex-date of Mar. 31 2025,2025-03-31,0.065
ESE,Dividend,ESE announced a cash dividend of 0.08 with an ex-date of Apr. 2 2025,2025-04-02,0.08
DNP,Dividend,DNP announced a cash dividend of 0.065 with an ex-date of Apr. 30 2025,2025-04-30,0.065
SIG,Dividend,SIG announced a cash dividend of 0.32 with an ex-date of Apr. 25 2025,2025-04-25,0.32
EPR,Dividend,EPR announced a cash dividend of 0.295 with an ex-date of Mar. 31 2025,2025-03-31,0.295
HASI,Dividend,HASI announced a cash dividend of 0.42 with an ex-date of Apr. 4 2025,2025-04-04,0.42
AEO,Dividend,AEO announced a cash dividend of 0.125 with an ex-date of Apr. 11 2025,2025-04-11,0.125
WDFC,Dividend,WDFC announced a cash dividend of 0.94 with an ex-date of Apr. 17 2025,2025-04-17,0.94
SLVM,Dividend,SLVM announced a cash dividend of 0.45 with an ex-date of Apr. 8 2025,2025-04-08,0.45
ABM,Dividend,ABM announced a cash dividend of 0.265 with an ex-date of Apr. 3 2025,2025-04-03,0.265
NHI,Dividend,NHI announced a cash dividend of 0.90 with an ex-date of Mar. 31 2025,2025-03-31,0.90
BNL,Dividend,BNL announced a cash dividend of 0.29 with an ex-date of Mar. 31 2025,2025-03-31,0.29
BXMT,Dividend,BXMT announced a cash dividend of 0.47 with an ex-date of Mar. 31 2025,2025-03-31,0.47
AKR,Dividend,AKR announced a cash dividend of 0.20 with an ex-date of Mar. 31 2025,2025-03-31,0.20
GRP-UN,Dividend,GRP-UN announced a cash dividend of 0.283 with an ex-date of Mar. 31 2025,2025-03-31,0.283
CNXC,Dividend,CNXC announced a cash dividend of 0.333 with an ex-date of Apr. 25 2025,2025-04-25,0.333
CVBF,Dividend,CVBF announced a cash dividend of 0.20 with an ex-date of Apr. 2 2025,2025-04-02,0.20
PK,Dividend,PK announced a cash dividend of 0.25 with an ex-date of Mar. 31 2025,2025-03-31,0.25
BKU,Dividend,BKU announced a cash dividend of 0.31 with an ex-date of Apr. 11 2025,2025-04-11,0.31
MGRC,Dividend,MGRC announced a cash dividend of 0.485 with an ex-date of Apr. 16 2025,2025-04-16,0.485
AAP,Dividend,AAP announced a cash dividend of 0.25 with an ex-date of Apr. 11 2025,2025-04-11,0.25
INDB,Dividend,INDB announced a cash dividend of 0.59 with an ex-date of Mar. 31 2025,2025-03-31,0.59
FCPT,Dividend,FCPT announced a cash dividend of 0.355 with an ex-date of Mar. 31 2025,2025-03-31,0.355
BKE,Dividend,BKE announced a cash dividend of 0.35 with an ex-date of Apr. 15 2025,2025-04-15,0.35
KWR,Dividend,KWR announced a cash dividend of 0.485 with an ex-date of Apr. 16 2025,2025-04-16,0.485
LXP,Dividend,LXP announced a cash dividend of 0.135 with an ex-date of Mar. 31 2025,2025-03-31,0.135
UTF,Dividend,UTF announced a cash dividend of 0.155 with an ex-date of Apr. 8 2025,2025-04-08,0.155
SHO,Dividend,SHO announced a cash dividend of 0.09 with an ex-date of Mar. 31 2025,2025-03-31,0.09
IVT,Dividend,IVT announced a cash dividend of 0.238 with an ex-date of Mar. 31 2025,2025-03-31,0.238
WLY,Dividend,WLY announced a cash dividend of 0.352 with an ex-date of Apr. 8 2025,2025-04-08,0.352
WB,Dividend,WB announced a cash dividend of 0.82 with an ex-date of Apr. 9 2025,2025-04-09,0.82
WERN,Dividend,WERN announced a cash dividend of 0.14 with an ex-date of Apr. 14 2025,2025-04-14,0.14
GDV,Dividend,GDV announced a cash dividend of 0.14 with an ex-date of Apr. 15 2025,2025-04-15,0.14
DBRG,Dividend,DBRG announced a cash dividend of 0.01 with an ex-date of Mar. 31 2025,2025-03-31,0.01
CCU,Dividend,CCU announced a cash dividend of 0.216 with an ex-date of Apr. 24 2025,2025-04-24,0.216
IIPR,Dividend,IIPR announced a cash dividend of 1.90 with an ex-date of Mar. 31 2025,2025-03-31,1.90
OFG,Dividend,OFG announced a cash dividend of 0.30 with an ex-date of Mar. 31 2025,2025-03-31,0.30
PSEC,Dividend,PSEC announced a cash dividend of 0.045 with an ex-date of Apr. 28 2025,2025-04-28,0.045
OXLC,Dividend,OXLC announced a cash dividend of 0.09 with an ex-date of Apr. 16 2025,2025-04-16,0.09
VRE,Dividend,VRE announced a cash dividend of 0.08 with an ex-date of Mar. 31 2025,2025-03-31,0.08
FINV,Dividend,FINV announced a cash dividend of 0.277 with an ex-date of Apr. 16 2025,2025-04-16,0.277
WWW,Dividend,WWW announced a cash dividend of 0.10 with an ex-date of Apr. 1 2025,2025-04-01,0.10
FBNC,Dividend,FBNC announced a cash dividend of 0.22 with an ex-date of Mar. 31 2025,2025-03-31,0.22
CHCO,Dividend,CHCO announced a cash dividend of 0.79 with an ex-date of Apr. 15 2025,2025-04-15,0.79
SAND,Dividend,SAND announced a cash dividend of 0.02 with an ex-date of Apr. 14 2025,2025-04-14,0.02
DNUT,Dividend,DNUT announced a cash dividend of 0.035 with an ex-date of Apr. 23 2025,2025-04-23,0.035
BHE,Dividend,BHE announced a cash dividend of 0.17 with an ex-date of Mar. 31 2025,2025-03-31,0.17
RQI,Dividend,RQI announced a cash dividend of 0.08 with an ex-date of Apr. 8 2025,2025-04-08,0.08
PEB,Dividend,PEB announced a cash dividend of 0.01 with an ex-date of Mar. 31 2025,2025-03-31,0.01
WKC,Dividend,WKC announced a cash dividend of 0.17 with an ex-date of Mar. 31 2025,2025-03-31,0.17
XHR,Dividend,XHR announced a cash dividend of 0.14 with an ex-date of Mar. 31 2025,2025-03-31,0.14
UPBD,Dividend,UPBD announced a cash dividend of 0.39 with an ex-date of Apr. 2 2025,2025-04-02,0.39
RLJ,Dividend,RLJ announced a cash dividend of 0.15 with an ex-date of Mar. 31 2025,2025-03-31,0.15
VRTS,Dividend,VRTS announced a cash dividend of 2.25 with an ex-date of Apr. 30 2025,2025-04-30,2.25
VET,Dividend,VET announced a cash dividend of 0.13 with an ex-date of Mar. 31 2025,2025-03-31,0.13
HLIO,Dividend,HLIO announced a cash dividend of 0.09 with an ex-date of Apr. 4 2025,2025-04-04,0.09
LADR,Dividend,LADR announced a cash dividend of 0.23 with an ex-date of Mar. 31 2025,2025-03-31,0.23
GSBD,Dividend,GSBD announced a cash dividend of 0.32 with an ex-date of Mar. 31 2025,2025-03-31,0.32
WGO,Dividend,WGO announced a cash dividend of 0.34 with an ex-date of Apr. 16 2025,2025-04-16,0.34
KW,Dividend,KW announced a cash dividend of 0.12 with an ex-date of Mar. 31 2025,2025-03-31,0.12
ANDE,Dividend,ANDE announced a cash dividend of 0.195 with an ex-date of Apr. 1 2025,2025-04-01,0.195
UVV,Dividend,UVV announced a cash dividend of 0.81 with an ex-date of Apr. 14 2025,2025-04-14,0.81
DCOM,Dividend,DCOM announced a cash dividend of 0.25 with an ex-date of Apr. 17 2025,2025-04-17,0.25
SAFE,Dividend,SAFE announced a cash dividend of 0.177 with an ex-date of Mar. 31 2025,2025-03-31,0.177
BFS,Dividend,BFS announced a cash dividend of 0.59 with an ex-date of Apr. 15 2025,2025-04-15,0.59
SCS,Dividend,SCS announced a cash dividend of 0.10 with an ex-date of Apr. 7 2025,2025-04-07,0.10
FORTY,Dividend,FORTY announced a cash dividend of 0.941 with an ex-date of Apr. 30 2025,2025-04-30,0.941
OUTKY,Dividend,OUTKY announced a cash dividend of 0.071 with an ex-date of Apr. 7 2025,2025-04-07,0.071
OXM,Dividend,OXM announced a cash dividend of 0.69 with an ex-date of Apr. 17 2025,2025-04-17,0.69
UTZ,Dividend,UTZ announced a cash dividend of 0.061 with an ex-date of Apr. 7 2025,2025-04-07,0.061
ARI,Dividend,ARI announced a cash dividend of 0.25 with an ex-date of Mar. 31 2025,2025-03-31,0.25
MOMO,Dividend,MOMO announced a cash dividend of 0.30 with an ex-date of Apr. 11 2025,2025-04-11,0.30
CBRL,Dividend,CBRL announced a cash dividend of 0.25 with an ex-date of Apr. 11 2025,2025-04-11,0.25
TWO,Dividend,TWO announced a cash dividend of 0.45 with an ex-date of Apr. 4 2025,2025-04-04,0.45
RC,Dividend,RC announced a cash dividend of 0.125 with an ex-date of Mar. 31 2025,2025-03-31,0.125
CIM,Dividend,CIM announced a cash dividend of 0.37 with an ex-date of Mar. 31 2025,2025-03-31,0.37
PFBC,Dividend,PFBC announced a cash dividend of 0.75 with an ex-date of Apr. 7 2025,2025-04-07,0.75
EFC,Dividend,EFC announced a cash dividend of 0.13 with an ex-date of Mar. 31 2025,2025-03-31,0.13
FPF,Dividend,FPF announced a cash dividend of 0.138 with an ex-date of Apr. 1 2025,2025-04-01,0.138
PMT,Dividend,PMT announced a cash dividend of 0.40 with an ex-date of Apr. 11 2025,2025-04-11,0.40
IGIC,Dividend,IGIC announced a cash dividend of 0.85 with an ex-date of Apr. 4 2025,2025-04-04,0.85
ARR,Dividend,ARR announced a cash dividend of 0.24 with an ex-date of Apr. 15 2025,2025-04-15,0.24
MFA,Dividend,MFA announced a cash dividend of 0.36 with an ex-date of Mar. 31 2025,2025-03-31,0.36
FBRT,Dividend,FBRT announced a cash dividend of 0.355 with an ex-date of Mar. 31 2025,2025-03-31,0.355
BELFA,Dividend,BELFA announced a cash dividend of 0.06 with an ex-date of Apr. 15 2025,2025-04-15,0.06
XRX,Dividend,XRX announced a cash dividend of 0.125 with an ex-date of Mar. 31 2025,2025-03-31,0.125
CRF,Dividend,CRF announced a cash dividend of 0.117 with an ex-date of Apr. 15 2025,2025-04-15,0.117
RNP,Dividend,RNP announced a cash dividend of 0.136 with an ex-date of Apr. 8 2025,2025-04-08,0.136
LX,Dividend,LX announced a cash dividend of 0.11 with an ex-date of Apr. 17 2025,2025-04-17,0.11
BDN,Dividend,BDN announced a cash dividend of 0.15 with an ex-date of Apr. 3 2025,2025-04-03,0.15
ECC,Dividend,ECC announced a cash dividend of 0.14 with an ex-date of Apr. 10 2025,2025-04-10,0.14
OPFI,Dividend,OPFI announced a cash dividend of 0.25 with an ex-date of Apr. 8 2025,2025-04-08,0.25
AWF,Dividend,AWF announced a cash dividend of 0.065 with an ex-date of Apr. 3 2025,2025-04-03,0.065
SCVL,Dividend,SCVL announced a cash dividend of 0.15 with an ex-date of Apr. 7 2025,2025-04-07,0.15
TRIN,Dividend,TRIN announced a cash dividend of 0.51 with an ex-date of Mar. 31 2025,2025-03-31,0.51
AIO,Dividend,AIO announced a cash dividend of 0.15 with an ex-date of Apr. 11 2025,2025-04-11,0.15
PLYM,Dividend,PLYM announced a cash dividend of 0.24 with an ex-date of Mar. 31 2025,2025-03-31,0.24
FFC,Dividend,FFC announced a cash dividend of 0.092 with an ex-date of Apr. 23 2025,2025-04-23,0.092
BRSP,Dividend,BRSP announced a cash dividend of 0.16 with an ex-date of Mar. 31 2025,2025-03-31,0.16
WNC,Dividend,WNC announced a cash dividend of 0.08 with an ex-date of Apr. 3 2025,2025-04-03,0.08
WSR,Dividend,WSR announced a cash dividend of 0.045 with an ex-date of Apr. 1 2025,2025-04-01,0.045
KREF,Dividend,KREF announced a cash dividend of 0.25 with an ex-date of Mar. 31 2025,2025-03-31,0.25
EQBK,Dividend,EQBK announced a cash dividend of 0.15 with an ex-date of Mar. 31 2025,2025-03-31,0.15
CCAP,Dividend,CCAP announced a cash dividend of 0.42 with an ex-date of Mar. 31 2025,2025-03-31,0.42
HBNC,Dividend,HBNC announced a cash dividend of 0.16 with an ex-date of Apr. 4 2025,2025-04-04,0.16
GSBC,Dividend,GSBC announced a cash dividend of 0.40 with an ex-date of Mar. 31 2025,2025-03-31,0.40
VMO,Dividend,VMO announced a cash dividend of 0.062 with an ex-date of Apr. 16 2025,2025-04-16,0.062
ORC,Dividend,ORC announced a cash dividend of 0.12 with an ex-date of Mar. 31 2025,2025-03-31,0.12
PLPC,Dividend,PLPC announced a cash dividend of 0.20 with an ex-date of Apr. 1 2025,2025-04-01,0.20
VVR,Dividend,VVR announced a cash dividend of 0.038 with an ex-date of Apr. 16 2025,2025-04-16,0.038
CAC,Dividend,CAC announced a cash dividend of 0.42 with an ex-date of Apr. 15 2025,2025-04-15,0.42
GGN,Dividend,GGN announced a cash dividend of 0.03 with an ex-date of Apr. 15 2025,2025-04-15,0.03
EMO,Dividend,EMO announced a cash dividend of 0.36 with an ex-date of Apr. 23 2025,2025-04-23,0.36
SCHL,Dividend,SCHL announced a cash dividend of 0.20 with an ex-date of Apr. 30 2025,2025-04-30,0.20
MGIC,Dividend,MGIC announced a cash dividend of 0.327 with an ex-date of Apr. 22 2025,2025-04-22,0.327
WASH,Dividend,WASH announced a cash dividend of 0.56 with an ex-date of Apr. 1 2025,2025-04-01,0.56
FPI,Dividend,FPI announced a cash dividend of 0.06 with an ex-date of Apr. 1 2025,2025-04-01,0.06
NYMT,Dividend,NYMT announced a cash dividend of 0.20 with an ex-date of Mar. 31 2025,2025-03-31,0.20
EMD,Dividend,EMD announced a cash dividend of 0.09 with an ex-date of Apr. 23 2025,2025-04-23,0.09
BGS,Dividend,BGS announced a cash dividend of 0.19 with an ex-date of Mar. 31 2025,2025-03-31,0.19
IIM,Dividend,IIM announced a cash dividend of 0.077 with an ex-date of Apr. 16 2025,2025-04-16,0.077
MMU,Dividend,MMU announced a cash dividend of 0.054 with an ex-date of Apr. 23 2025,2025-04-23,0.054
EBF,Dividend,EBF announced a cash dividend of 0.25 with an ex-date of Apr. 14 2025,2025-04-14,0.25
VGM,Dividend,VGM announced a cash dividend of 0.065 with an ex-date of Apr. 16 2025,2025-04-16,0.065
BGB,Dividend,BGB announced a cash dividend of 0.089 with an ex-date of Apr. 23 2025,2025-04-23,0.089
VKQ,Dividend,VKQ announced a cash dividend of 0.063 with an ex-date of Apr. 16 2025,2025-04-16,0.063
PBT,Dividend,PBT announced a cash dividend of 0.018 with an ex-date of Mar. 31 2025,2025-03-31,0.018
THFF,Dividend,THFF announced a cash dividend of 0.51 with an ex-date of Apr. 1 2025,2025-04-01,0.51
VCV,Dividend,VCV announced a cash dividend of 0.065 with an ex-date of Apr. 16 2025,2025-04-16,0.065
IQI,Dividend,IQI announced a cash dividend of 0.063 with an ex-date of Apr. 16 2025,2025-04-16,0.063
HONE,Dividend,HONE announced a cash dividend of 0.09 with an ex-date of Apr. 9 2025,2025-04-09,0.09
GHY,Dividend,GHY announced a cash dividend of 0.105 with an ex-date of Apr. 10 2025,2025-04-10,0.105
WIW,Dividend,WIW announced a cash dividend of 0.062 with an ex-date of Apr. 23 2025,2025-04-23,0.062
IVR,Dividend,IVR announced a cash dividend of 0.34 with an ex-date of Apr. 7 2025,2025-04-07,0.34
TYG,Dividend,TYG announced a cash dividend of 0.365 with an ex-date of Apr. 23 2025,2025-04-23,0.365
VLGEA,Dividend,VLGEA announced a cash dividend of 0.25 with an ex-date of Apr. 3 2025,2025-04-03,0.25
ISD,Dividend,ISD announced a cash dividend of 0.105 with an ex-date of Apr. 10 2025,2025-04-10,0.105
CVGW,Dividend,CVGW announced a cash dividend of 0.20 with an ex-date of Apr. 1 2025,2025-04-01,0.20
VBNK,Dividend,VBNK announced a cash dividend of 0.025 with an ex-date of Apr. 4 2025,2025-04-04,0.025
CLDT,Dividend,CLDT announced a cash dividend of 0.09 with an ex-date of Mar. 31 2025,2025-03-31,0.09
MEI,Dividend,MEI announced a cash dividend of 0.14 with an ex-date of Apr. 17 2025,2025-04-17,0.14
LMNR,Dividend,LMNR announced a cash dividend of 0.075 with an ex-date of Mar. 31 2025,2025-03-31,0.075
YRD,Dividend,YRD announced a cash dividend of 0.22 with an ex-date of Apr. 30 2025,2025-04-30,0.22
DPG,Dividend,DPG announced a cash dividend of 0.07 with an ex-date of Apr. 30 2025,2025-04-30,0.07
WDH,Dividend,WDH announced a cash dividend of 0.02 with an ex-date of Apr. 11 2025,2025-04-11,0.02
IGD,Dividend,IGD announced a cash dividend of 0.05 with an ex-date of Apr. 1 2025,2025-04-01,0.05
JILL,Dividend,JILL announced a cash dividend of 0.08 with an ex-date of Apr. 2 2025,2025-04-02,0.08
OFLX,Dividend,OFLX announced a cash dividend of 0.34 with an ex-date of Apr. 10 2025,2025-04-10,0.34
DFP,Dividend,DFP announced a cash dividend of 0.115 with an ex-date of Apr. 23 2025,2025-04-23,0.115
RWAY,Dividend,RWAY announced a cash dividend of 0.36 with an ex-date of Mar. 31 2025,2025-03-31,0.36
EAD,Dividend,EAD announced a cash dividend of 0.054 with an ex-date of Apr. 11 2025,2025-04-11,0.054
CWCO,Dividend,CWCO announced a cash dividend of 0.11 with an ex-date of Apr. 1 2025,2025-04-01,0.11
TRAK,Dividend,TRAK announced a cash dividend of 0.018 with an ex-date of Mar. 31 2025,2025-03-31,0.018
PKST,Dividend,PKST announced a cash dividend of 0.225 with an ex-date of Mar. 31 2025,2025-03-31,0.225
GUT,Dividend,GUT announced a cash dividend of 0.05 with an ex-date of Apr. 15 2025,2025-04-15,0.05
VKI,Dividend,VKI announced a cash dividend of 0.056 with an ex-date of Apr. 16 2025,2025-04-16,0.056
FMAO,Dividend,FMAO announced a cash dividend of 0.221 with an ex-date of Apr. 4 2025,2025-04-04,0.221
GNTY,Dividend,GNTY announced a cash dividend of 0.25 with an ex-date of Mar. 31 2025,2025-03-31,0.25
HIX,Dividend,HIX announced a cash dividend of 0.049 with an ex-date of Apr. 23 2025,2025-04-23,0.049
HIO,Dividend,HIO announced a cash dividend of 0.036 with an ex-date of Apr. 23 2025,2025-04-23,0.036
SCM,Dividend,SCM announced a cash dividend of 0.133 with an ex-date of Mar. 31 2025,2025-03-31,0.133
HRZN,Dividend,HRZN announced a cash dividend of 0.11 with an ex-date of Apr. 16 2025,2025-04-16,0.11
KIO,Dividend,KIO announced a cash dividend of 0.122 with an ex-date of Apr. 11 2025,2025-04-11,0.122
NLCP,Dividend,NLCP announced a cash dividend of 0.43 with an ex-date of Mar. 31 2025,2025-03-31,0.43
FOF,Dividend,FOF announced a cash dividend of 0.087 with an ex-date of Apr. 8 2025,2025-04-08,0.087
JOUT,Dividend,JOUT announced a cash dividend of 0.33 with an ex-date of Apr. 10 2025,2025-04-10,0.33
SOR,Dividend,SOR announced a cash dividend of 0.208 with an ex-date of Apr. 16 2025,2025-04-16,0.208
ACRE,Dividend,ACRE announced a cash dividend of 0.15 with an ex-date of Mar. 31 2025,2025-03-31,0.15
SAR,Dividend,SAR announced a cash dividend of 0.25 with an ex-date of Apr. 8 2025,2025-04-08,0.25
NCV,Dividend,NCV announced a cash dividend of 0.136 with an ex-date of Apr. 11 2025,2025-04-11,0.136
BGH,Dividend,BGH announced a cash dividend of 0.122 with an ex-date of Apr. 21 2025,2025-04-21,0.122
AFB,Dividend,AFB announced a cash dividend of 0.04 with an ex-date of Apr. 3 2025,2025-04-03,0.04
RFI,Dividend,RFI announced a cash dividend of 0.08 with an ex-date of Apr. 8 2025,2025-04-08,0.08
NECB,Dividend,NECB announced a cash dividend of 0.20 with an ex-date of Apr. 7 2025,2025-04-07,0.20
NBH,Dividend,NBH announced a cash dividend of 0.054 with an ex-date of Mar. 31 2025,2025-03-31,0.054
REFI,Dividend,REFI announced a cash dividend of 0.47 with an ex-date of Mar. 31 2025,2025-03-31,0.47
INBK,Dividend,INBK announced a cash dividend of 0.06 with an ex-date of Mar. 31 2025,2025-03-31,0.06
FNLC,Dividend,FNLC announced a cash dividend of 0.36 with an ex-date of Apr. 8 2025,2025-04-08,0.36
SCD,Dividend,SCD announced a cash dividend of 0.12 with an ex-date of Apr. 23 2025,2025-04-23,0.12
EDD,Dividend,EDD announced a cash dividend of 0.16 with an ex-date of Mar. 31 2025,2025-03-31,0.16
OIA,Dividend,OIA announced a cash dividend of 0.029 with an ex-date of Apr. 16 2025,2025-04-16,0.029
PKE,Dividend,PKE announced a cash dividend of 0.125 with an ex-date of Apr. 2 2025,2025-04-02,0.125
FVR,Dividend,FVR announced a cash dividend of 0.215 with an ex-date of Mar. 31 2025,2025-03-31,0.215
IMMR,Dividend,IMMR announced a cash dividend of 0.045 with an ex-date of Apr. 14 2025,2025-04-14,0.045
HYI,Dividend,HYI announced a cash dividend of 0.095 with an ex-date of Apr. 23 2025,2025-04-23,0.095
FCT,Dividend,FCT announced a cash dividend of 0.097 with an ex-date of Apr. 1 2025,2025-04-01,0.097
ERC,Dividend,ERC announced a cash dividend of 0.073 with an ex-date of Apr. 11 2025,2025-04-11,0.073
GHI,Dividend,GHI announced a cash dividend of 0.37 with an ex-date of Mar. 31 2025,2025-03-31,0.37
WSBF,Dividend,WSBF announced a cash dividend of 0.15 with an ex-date of Apr. 8 2025,2025-04-08,0.15
ATNI,Dividend,ATNI announced a cash dividend of 0.24 with an ex-date of Mar. 31 2025,2025-03-31,0.24
PSF,Dividend,PSF announced a cash dividend of 0.126 with an ex-date of Apr. 8 2025,2025-04-08,0.126
NCZ,Dividend,NCZ announced a cash dividend of 0.12 with an ex-date of Apr. 11 2025,2025-04-11,0.12
PKBK,Dividend,PKBK announced a cash dividend of 0.18 with an ex-date of Apr. 4 2025,2025-04-04,0.18
BHR,Dividend,BHR announced a cash dividend of 0.05 with an ex-date of Mar. 31 2025,2025-03-31,0.05
ACV,Dividend,ACV announced a cash dividend of 0.18 with an ex-date of Apr. 11 2025,2025-04-11,0.18
TSI,Dividend,TSI announced a cash dividend of 0.065 with an ex-date of Mar. 31 2025,2025-03-31,0.065
CIO,Dividend,CIO announced a cash dividend of 0.10 with an ex-date of Apr. 10 2025,2025-04-10,0.10
ONL,Dividend,ONL announced a cash dividend of 0.02 with an ex-date of Mar. 31 2025,2025-03-31,0.02
FUNC,Dividend,FUNC announced a cash dividend of 0.22 with an ex-date of Apr. 17 2025,2025-04-17,0.22
ESOA,Dividend,ESOA announced a cash dividend of 0.03 with an ex-date of Mar. 31 2025,2025-03-31,0.03
LGI,Dividend,LGI announced a cash dividend of 0.146 with an ex-date of Apr. 10 2025,2025-04-10,0.146
ESCA,Dividend,ESCA announced a cash dividend of 0.15 with an ex-date of Apr. 7 2025,2025-04-07,0.15
ISTR,Dividend,ISTR announced a cash dividend of 0.105 with an ex-date of Mar. 31 2025,2025-03-31,0.105
MITT,Dividend,MITT announced a cash dividend of 0.20 with an ex-date of Mar. 31 2025,2025-03-31,0.20
EARN,Dividend,EARN announced a cash dividend of 0.08 with an ex-date of Mar. 31 2025,2025-03-31,0.08
MXF,Dividend,MXF announced a cash dividend of 0.22 with an ex-date of Apr. 22 2025,2025-04-22,0.22
AFCG,Dividend,AFCG announced a cash dividend of 0.23 with an ex-date of Mar. 31 2025,2025-03-31,0.23
WIA,Dividend,WIA announced a cash dividend of 0.052 with an ex-date of Apr. 23 2025,2025-04-23,0.052
DHF,Dividend,DHF announced a cash dividend of 0.018 with an ex-date of Apr. 9 2025,2025-04-09,0.018
BSL,Dividend,BSL announced a cash dividend of 0.097 with an ex-date of Apr. 23 2025,2025-04-23,0.097
VPV,Dividend,VPV announced a cash dividend of 0.067 with an ex-date of Apr. 16 2025,2025-04-16,0.067
TSE,Dividend,TSE announced a cash dividend of 0.01 with an ex-date of Apr. 10 2025,2025-04-10,0.01
CMCL,Dividend,CMCL announced a cash dividend of 0.14 with an ex-date of Apr. 4 2025,2025-04-04,0.14
IGI,Dividend,IGI announced a cash dividend of 0.071 with an ex-date of Apr. 23 2025,2025-04-23,0.071
VBF,Dividend,VBF announced a cash dividend of 0.07 with an ex-date of Apr. 16 2025,2025-04-16,0.07
FLC,Dividend,FLC announced a cash dividend of 0.094 with an ex-date of Apr. 23 2025,2025-04-23,0.094
OXSQ,Dividend,OXSQ announced a cash dividend of 0.035 with an ex-date of Apr. 16 2025,2025-04-16,0.035
UBFO,Dividend,UBFO announced a cash dividend of 0.12 with an ex-date of Apr. 7 2025,2025-04-07,0.12
TEAF,Dividend,TEAF announced a cash dividend of 0.09 with an ex-date of Apr. 23 2025,2025-04-23,0.09
BGX,Dividend,BGX announced a cash dividend of 0.086 with an ex-date of Apr. 23 2025,2025-04-23,0.086
TSQ,Dividend,TSQ announced a cash dividend of 0.20 with an ex-date of Apr. 17 2025,2025-04-17,0.20
VTN,Dividend,VTN announced a cash dividend of 0.068 with an ex-date of Apr. 16 2025,2025-04-16,0.068
MSD,Dividend,MSD announced a cash dividend of 0.22 with an ex-date of Mar. 31 2025,2025-03-31,0.22
IDE,Dividend,IDE announced a cash dividend of 0.10 with an ex-date of Apr. 1 2025,2025-04-01,0.10
EHI,Dividend,EHI announced a cash dividend of 0.07 with an ex-date of Apr. 23 2025,2025-04-23,0.07
MHF,Dividend,MHF announced a cash dividend of 0.034 with an ex-date of Apr. 23 2025,2025-04-23,0.034
OCCI,Dividend,OCCI announced a cash dividend of 0.115 with an ex-date of Apr. 17 2025,2025-04-17,0.115
PFD,Dividend,PFD announced a cash dividend of 0.061 with an ex-date of Apr. 23 2025,2025-04-23,0.061
GPMT,Dividend,GPMT announced a cash dividend of 0.05 with an ex-date of Apr. 1 2025,2025-04-01,0.05
MDV,Dividend,MDV announced a cash dividend of 0.097 with an ex-date of Apr. 30 2025,2025-04-30,0.097
IGA,Dividend,IGA announced a cash dividend of 0.085 with an ex-date of Apr. 1 2025,2025-04-01,0.085
SRV,Dividend,SRV announced a cash dividend of 0.45 with an ex-date of Apr. 15 2025,2025-04-15,0.45
BWG,Dividend,BWG announced a cash dividend of 0.08 with an ex-date of Apr. 23 2025,2025-04-23,0.08
LFT,Dividend,LFT announced a cash dividend of 0.08 with an ex-date of Mar. 31 2025,2025-03-31,0.08
DMO,Dividend,DMO announced a cash dividend of 0.13 with an ex-date of Apr. 23 2025,2025-04-23,0.13
VOXR,Dividend,VOXR announced a cash dividend of 0.013 with an ex-date of Mar. 31 2025,2025-03-31,0.013
PFO,Dividend,PFO announced a cash dividend of 0.051 with an ex-date of Apr. 23 2025,2025-04-23,0.051
PAI,Dividend,PAI announced a cash dividend of 0.052 with an ex-date of Apr. 23 2025,2025-04-23,0.052
SBI,Dividend,SBI announced a cash dividend of 0.042 with an ex-date of Apr. 23 2025,2025-04-23,0.042
NOBH,Dividend,NOBH announced a cash dividend of 1.25 with an ex-date of Mar. 31 2025,2025-03-31,1.25
FRD,Dividend,FRD announced a cash dividend of 0.04 with an ex-date of Apr. 25 2025,2025-04-25,0.04
CPHC,Dividend,CPHC announced a cash dividend of 0.07 with an ex-date of Mar. 31 2025,2025-03-31,0.07
SUNS,Dividend,SUNS announced a cash dividend of 0.30 with an ex-date of Mar. 31 2025,2025-03-31,0.30
SWZ,Dividend,SWZ announced a cash dividend of 3.00 with an ex-date of Apr. 8 2025,2025-04-08,3.00
ERH,Dividend,ERH announced a cash dividend of 0.078 with an ex-date of Apr. 11 2025,2025-04-11,0.078
CMTV,Dividend,CMTV announced a cash dividend of 0.24 with an ex-date of Apr. 15 2025,2025-04-15,0.24
IHD,Dividend,IHD announced a cash dividend of 0.055 with an ex-date of Apr. 1 2025,2025-04-01,0.055
GLU,Dividend,GLU announced a cash dividend of 0.10 with an ex-date of Apr. 15 2025,2025-04-15,0.10
GNT,Dividend,GNT announced a cash dividend of 0.04 with an ex-date of Apr. 15 2025,2025-04-15,0.04
VGI,Dividend,VGI announced a cash dividend of 0.08 with an ex-date of Apr. 11 2025,2025-04-11,0.08
SFDL,Dividend,SFDL announced a cash dividend of 0.10 with an ex-date of Mar. 31 2025,2025-03-31,0.10
CHMI,Dividend,CHMI announced a cash dividend of 0.15 with an ex-date of Mar. 31 2025,2025-03-31,0.15
GDO,Dividend,GDO announced a cash dividend of 0.122 with an ex-date of Apr. 23 2025,2025-04-23,0.122
SY,Dividend,SY announced a cash dividend of 0.026 with an ex-date of Apr. 8 2025,2025-04-08,0.026
IH,Dividend,IH announced a cash dividend of 0.10 with an ex-date of Apr. 17 2025,2025-04-17,0.10
UNIB,Dividend,UNIB announced a cash dividend of 0.10 with an ex-date of Apr. 11 2025,2025-04-11,0.10
DTF,Dividend,DTF announced a cash dividend of 0.032 with an ex-date of Apr. 15 2025,2025-04-15,0.032
VLT,Dividend,VLT announced a cash dividend of 0.096 with an ex-date of Apr. 16 2025,2025-04-16,0.096
DWNX,Dividend,DWNX announced a cash dividend of 0.096 with an ex-date of Mar. 31 2025,2025-03-31,0.096
IAE,Dividend,IAE announced a cash dividend of 0.065 with an ex-date of Apr. 1 2025,2025-04-01,0.065
PGZ,Dividend,PGZ announced a cash dividend of 0.105 with an ex-date of Apr. 15 2025,2025-04-15,0.105
LOAN,Dividend,LOAN announced a cash dividend of 0.115 with an ex-date of Apr. 8 2025,2025-04-08,0.115
CRT,Dividend,CRT announced a cash dividend of 0.157 with an ex-date of Mar. 31 2025,2025-03-31,0.157
FMY,Dividend,FMY announced a cash dividend of 0.075 with an ex-date of Apr. 1 2025,2025-04-01,0.075
PVL,Dividend,PVL announced a cash dividend of 0.009 with an ex-date of Mar. 31 2025,2025-03-31,0.009
ICMB,Dividend,ICMB announced a cash dividend of 0.12 with an ex-date of Apr. 25 2025,2025-04-25,0.12
PRT,Dividend,PRT announced a cash dividend of 0.04 with an ex-date of Mar. 31 2025,2025-03-31,0.04
MKZR,Dividend,MKZR announced a cash dividend of 0.05 with an ex-date of Mar. 31 2025,2025-03-31,0.05
GROW,Dividend,GROW announced a cash dividend of 0.007 with an ex-date of Apr. 14 2025,2025-04-14,0.007
AAME,Dividend,AAME announced a cash dividend of 0.02 with an ex-date of Apr. 9 2025,2025-04-09,0.02
MTR,Dividend,MTR announced a cash dividend of 0.03 with an ex-date of Mar. 31 2025,2025-03-31,0.03
ETI-P,Dividend,ETI-P announced a cash dividend of 0.336 with an ex-date of Apr. 3 2025,2025-04-03,0.336
ASMLF,Dividend,ASMLF announced a cash dividend of 1.84 with an ex-date of Apr. 25 2025,2025-04-25,1.84
BAC-PK,Dividend,BAC-PK announced a cash dividend of 0.367 with an ex-date of Apr. 1 2025,2025-04-01,0.367
EADSF,Dividend,EADSF announced a cash dividend of 2.00 with an ex-date of Apr. 22 2025,2025-04-22,2.00
ABLZF,Dividend,ABLZF announced a cash dividend of 0.90 with an ex-date of Mar. 31 2025,2025-03-31,0.90
MS-PA,Dividend,MS-PA announced a cash dividend of 0.329 with an ex-date of Mar. 31 2025,2025-03-31,0.329
USB-PH,Dividend,USB-PH announced a cash dividend of 0.323 with an ex-date of Mar. 31 2025,2025-03-31,0.323
CTA-PB,Dividend,CTA-PB announced a cash dividend of 1.125 with an ex-date of Apr. 4 2025,2025-04-04,1.125
USB-PP,Dividend,USB-PP announced a cash dividend of 0.344 with an ex-date of Mar. 31 2025,2025-03-31,0.344
BCDRF,Dividend,BCDRF announced a cash dividend of 0.11 with an ex-date of Apr. 29 2025,2025-04-29,0.11
MS-PK,Dividend,MS-PK announced a cash dividend of 0.366 with an ex-date of Mar. 31 2025,2025-03-31,0.366
MS-PI,Dividend,MS-PI announced a cash dividend of 0.398 with an ex-date of Mar. 31 2025,2025-03-31,0.398
PBR-A,Dividend,PBR-A announced a cash dividend of 0.25 with an ex-date of Apr. 22 2025,2025-04-22,0.25
MS-PF,Dividend,MS-PF announced a cash dividend of 0.43 with an ex-date of Mar. 31 2025,2025-03-31,0.43
MS-PE,Dividend,MS-PE announced a cash dividend of 0.445 with an ex-date of Mar. 31 2025,2025-03-31,0.445
BECEF,Dividend,BECEF announced a cash dividend of 0.105 with an ex-date of Mar. 31 2025,2025-03-31,0.105
INGVF,Dividend,INGVF announced a cash dividend of 0.71 with an ex-date of Apr. 24 2025,2025-04-24,0.71
BAESF,Dividend,BAESF announced a cash dividend of 0.206 with an ex-date of Apr. 17 2025,2025-04-17,0.206
TCANF,Dividend,TCANF announced a cash dividend of 0.122 with an ex-date of Mar. 31 2025,2025-03-31,0.122
ALL-PH,Dividend,ALL-PH announced a cash dividend of 0.319 with an ex-date of Mar. 31 2025,2025-03-31,0.319
CIXPF,Dividend,CIXPF announced a cash dividend of 0.286 with an ex-date of Apr. 22 2025,2025-04-22,0.286
BBDO,Dividend,BBDO announced a cash dividend of 0.003 with an ex-date of Apr. 3 2025,2025-04-03,0.003
WLMIF,Dividend,WLMIF announced a cash dividend of 0.10 with an ex-date of Apr. 29 2025,2025-04-29,0.10
SGSOF,Dividend,SGSOF announced a cash dividend of 3.20 with an ex-date of Apr. 2 2025,2025-04-02,3.20
KKPNF,Dividend,KKPNF announced a cash dividend of 0.102 with an ex-date of Apr. 22 2025,2025-04-22,0.102
NVZMF,Dividend,NVZMF announced a cash dividend of 4.20 with an ex-date of Apr. 4 2025,2025-04-04,4.20
APO-PA,Dividend,APO-PA announced a cash dividend of 0.844 with an ex-date of Apr. 15 2025,2025-04-15,0.844
AGNCM,Dividend,AGNCM announced a cash dividend of 0.556 with an ex-date of Apr. 1 2025,2025-04-01,0.556
AGNCN,Dividend,AGNCN announced a cash dividend of 0.605 with an ex-date of Apr. 1 2025,2025-04-01,0.605
FRT-PC,Dividend,FRT-PC announced a cash dividend of 0.312 with an ex-date of Apr. 1 2025,2025-04-01,0.312
SLG-PI,Dividend,SLG-PI announced a cash dividend of 0.406 with an ex-date of Mar. 31 2025,2025-03-31,0.406
CIG-C,Dividend,CIG-C announced a cash dividend of 0.033 with an ex-date of Mar. 31 2025,2025-03-31,0.033
EPR-PG,Dividend,EPR-PG announced a cash dividend of 0.359 with an ex-date of Mar. 31 2025,2025-03-31,0.359
AXS-PE,Dividend,AXS-PE announced a cash dividend of 0.344 with an ex-date of Mar. 31 2025,2025-03-31,0.344
SR-PA,Dividend,SR-PA announced a cash dividend of 0.369 with an ex-date of Apr. 25 2025,2025-04-25,0.369
TWO-PC,Dividend,TWO-PC announced a cash dividend of 0.598 with an ex-date of Apr. 11 2025,2025-04-11,0.598
WTFCM,Dividend,WTFCM announced a cash dividend of 0.41 with an ex-date of Apr. 1 2025,2025-04-01,0.41
TWO-PA,Dividend,TWO-PA announced a cash dividend of 0.508 with an ex-date of Apr. 11 2025,2025-04-11,0.508
TWO-PB,Dividend,TWO-PB announced a cash dividend of 0.477 with an ex-date of Apr. 11 2025,2025-04-11,0.477
CIXXF,Dividend,CIXXF announced a cash dividend of 0.20 with an ex-date of Mar. 31 2025,2025-03-31,0.20
RLJ-PA,Dividend,RLJ-PA announced a cash dividend of 0.488 with an ex-date of Mar. 31 2025,2025-03-31,0.488
PEB-PF,Dividend,PEB-PF announced a cash dividend of 0.394 with an ex-date of Mar. 31 2025,2025-03-31,0.394
PEB-PE,Dividend,PEB-PE announced a cash dividend of 0.398 with an ex-date of Mar. 31 2025,2025-03-31,0.398
SRG-PA,Dividend,SRG-PA announced a cash dividend of 0.438 with an ex-date of Mar. 31 2025,2025-03-31,0.438
LXP-PC,Dividend,LXP-PC announced a cash dividend of 0.812 with an ex-date of Apr. 30 2025,2025-04-30,0.812
WLYB,Dividend,WLYB announced a cash dividend of 0.352 with an ex-date of Apr. 8 2025,2025-04-08,0.352
NGL-PB,Dividend,NGL-PB announced a cash dividend of 0.738 with an ex-date of Apr. 1 2025,2025-04-01,0.738
NGL-PC,Dividend,NGL-PC announced a cash dividend of 0.732 with an ex-date of Apr. 1 2025,2025-04-01,0.732
BFS-PD,Dividend,BFS-PD announced a cash dividend of 0.383 with an ex-date of Apr. 1 2025,2025-04-01,0.383
GNL-PA,Dividend,GNL-PA announced a cash dividend of 0.453 with an ex-date of Apr. 4 2025,2025-04-04,0.453
NYMTN,Dividend,NYMTN announced a cash dividend of 0.50 with an ex-date of Apr. 1 2025,2025-04-01,0.50
BELFB,Dividend,BELFB announced a cash dividend of 0.07 with an ex-date of Apr. 15 2025,2025-04-15,0.07
AHH-PA,Dividend,AHH-PA announced a cash dividend of 0.422 with an ex-date of Apr. 1 2025,2025-04-01,0.422
IIPR-PA,Dividend,IIPR-PA announced a cash dividend of 0.562 with an ex-date of Mar. 31 2025,2025-03-31,0.562
AGM-PD,Dividend,AGM-PD announced a cash dividend of 0.356 with an ex-date of Apr. 1 2025,2025-04-01,0.356
OXLCO,Dividend,OXLCO announced a cash dividend of 0.125 with an ex-date of Apr. 16 2025,2025-04-16,0.125
GMRE-PA,Dividend,GMRE-PA announced a cash dividend of 0.469 with an ex-date of Apr. 15 2025,2025-04-15,0.469
CIO-PA,Dividend,CIO-PA announced a cash dividend of 0.414 with an ex-date of Apr. 10 2025,2025-04-10,0.414
CNTHP,Dividend,CNTHP announced a cash dividend of 0.82 with an ex-date of Apr. 10 2025,2025-04-10,0.82
CHMI-PB,Dividend,CHMI-PB announced a cash dividend of 0.637 with an ex-date of Mar. 31 2025,2025-03-31,0.637
CNTHN,Dividend,CNTHN announced a cash dividend of 0.62 with an ex-date of Apr. 10 2025,2025-04-10,0.62
BHR-PD,Dividend,BHR-PD announced a cash dividend of 0.516 with an ex-date of Mar. 31 2025,2025-03-31,0.516
CNLHO,Dividend,CNLHO announced a cash dividend of 0.562 with an ex-date of Apr. 10 2025,2025-04-10,0.562
CNLTP,Dividend,CNLTP announced a cash dividend of 0.55 with an ex-date of Apr. 10 2025,2025-04-10,0.55
CNLTL,Dividend,CNLTL announced a cash dividend of 0.475 with an ex-date of Apr. 10 2025,2025-04-10,0.475
CNPWM,Dividend,CNPWM announced a cash dividend of 0.522 with an ex-date of Apr. 10 2025,2025-04-10,0.522
AHT-PF,Dividend,AHT-PF announced a cash dividend of 0.461 with an ex-date of Mar. 31 2025,2025-03-31,0.461
CHMI-PA,Dividend,CHMI-PA announced a cash dividend of 0.512 with an ex-date of Mar. 31 2025,2025-03-31,0.512
CNPWP,Dividend,CNPWP announced a cash dividend of 0.51 with an ex-date of Apr. 10 2025,2025-04-10,0.51
AHT-PG,Dividend,AHT-PG announced a cash dividend of 0.461 with an ex-date of Mar. 31 2025,2025-03-31,0.461
CNLPM,Dividend,CNLPM announced a cash dividend of 0.515 with an ex-date of Apr. 10 2025,2025-04-10,0.515
AHT-PH,Dividend,AHT-PH announced a cash dividend of 0.469 with an ex-date of Mar. 31 2025,2025-03-31,0.469
CNLTN,Dividend,CNLTN announced a cash dividend of 0.50 with an ex-date of Apr. 10 2025,2025-04-10,0.50
AHT-PD,Dividend,AHT-PD announced a cash dividend of 0.528 with an ex-date of Mar. 31 2025,2025-03-31,0.528
AHT-PI,Dividend,AHT-PI announced a cash dividend of 0.469 with an ex-date of Mar. 31 2025,2025-03-31,0.469
BKSC,Dividend,BKSC announced a cash dividend of 0.19 with an ex-date of Apr. 8 2025,2025-04-08,0.19
BAC-PL,Dividend,BAC-PL announced a cash dividend of 18.125 with an ex-date of Apr. 1 2025,2025-04-01,18.125
BAC-PO,Dividend,BAC-PO announced a cash dividend of 0.273 with an ex-date of Apr. 15 2025,2025-04-15,0.273
BAC-PP,Dividend,BAC-PP announced a cash dividend of 0.258 with an ex-date of Apr. 15 2025,2025-04-15,0.258
WBS-PG,Dividend,WBS-PG announced a cash dividend of 0.406 with an ex-date of Mar. 31 2025,2025-03-31,0.406
NSARO,Dividend,NSARO announced a cash dividend of 1.195 with an ex-date of Apr. 10 2025,2025-04-10,1.195
WELPM,Dividend,WELPM announced a cash dividend of 1.50 with an ex-date of Apr. 14 2025,2025-04-14,1.50
FULTP,Dividend,FULTP announced a cash dividend of 0.32 with an ex-date of Mar. 31 2025,2025-03-31,0.32
BCEFF,Dividend,BCEFF announced a cash dividend of 0.105 with an ex-date of Mar. 31 2025,2025-03-31,0.105
BCEPF,Dividend,BCEPF announced a cash dividend of 0.317 with an ex-date of Apr. 30 2025,2025-04-30,0.317
BCEIF,Dividend,BCEIF announced a cash dividend of 0.189 with an ex-date of Apr. 30 2025,2025-04-30,0.189
BCPPF,Dividend,BCPPF announced a cash dividend of 0.309 with an ex-date of Apr. 30 2025,2025-04-30,0.309
MS-PL,Dividend,MS-PL announced a cash dividend of 0.305 with an ex-date of Mar. 31 2025,2025-03-31,0.305
MS-PO,Dividend,MS-PO announced a cash dividend of 0.266 with an ex-date of Mar. 31 2025,2025-03-31,0.266
MS-PP,Dividend,MS-PP announced a cash dividend of 0.406 with an ex-date of Mar. 31 2025,2025-03-31,0.406
MS-PQ,Dividend,MS-PQ announced a cash dividend of 0.414 with an ex-date of Mar. 31 2025,2025-03-31,0.414
LFMDP,Dividend,LFMDP announced a cash dividend of 0.555 with an ex-date of Apr. 4 2025,2025-04-04,0.555
WTFCP,Dividend,WTFCP announced a cash dividend of 0.43 with an ex-date of Apr. 1 2025,2025-04-01,0.43
EPR-PC,Dividend,EPR-PC announced a cash dividend of 0.359 with an ex-date of Mar. 31 2025,2025-03-31,0.359
EPR-PE,Dividend,EPR-PE announced a cash dividend of 0.562 with an ex-date of Mar. 31 2025,2025-03-31,0.562
REGCO,Dividend,REGCO announced a cash dividend of 0.367 with an ex-date of Apr. 15 2025,2025-04-15,0.367
REGCP,Dividend,REGCP announced a cash dividend of 0.391 with an ex-date of Apr. 15 2025,2025-04-15,0.391
INVUP,Dividend,INVUP announced a cash dividend of 0.812 with an ex-date of Mar. 31 2025,2025-03-31,0.812
WAFDP,Dividend,WAFDP announced a cash dividend of 0.305 with an ex-date of Mar. 31 2025,2025-03-31,0.305
XOMAO,Dividend,XOMAO announced a cash dividend of 0.523 with an ex-date of Apr. 3 2025,2025-04-03,0.523
XOMAP,Dividend,XOMAP announced a cash dividend of 0.539 with an ex-date of Apr. 3 2025,2025-04-03,0.539
ALL-PI,Dividend,ALL-PI announced a cash dividend of 0.297 with an ex-date of Mar. 31 2025,2025-03-31,0.297
ALL-PJ,Dividend,ALL-PJ announced a cash dividend of 0.461 with an ex-date of Mar. 31 2025,2025-03-31,0.461
AGM-PE,Dividend,AGM-PE announced a cash dividend of 0.359 with an ex-date of Apr. 1 2025,2025-04-01,0.359
AGM-PF,Dividend,AGM-PF announced a cash dividend of 0.328 with an ex-date of Apr. 1 2025,2025-04-01,0.328
AGM-PG,Dividend,AGM-PG announced a cash dividend of 0.305 with an ex-date of Apr. 1 2025,2025-04-01,0.305
USB-PQ,Dividend,USB-PQ announced a cash dividend of 0.234 with an ex-date of Mar. 31 2025,2025-03-31,0.234
USB-PR,Dividend,USB-PR announced a cash dividend of 0.25 with an ex-date of Mar. 31 2025,2025-03-31,0.25
HBANL,Dividend,HBANL announced a cash dividend of 0.43 with an ex-date of Apr. 1 2025,2025-04-01,0.43
HBANP,Dividend,HBANP announced a cash dividend of 0.281 with an ex-date of Apr. 1 2025,2025-04-01,0.281
FHN-PC,Dividend,FHN-PC announced a cash dividend of 0.412 with an ex-date of Apr. 16 2025,2025-04-16,0.412
CMS-PC,Dividend,CMS-PC announced a cash dividend of 0.262 with an ex-date of Apr. 1 2025,2025-04-01,0.262
DX-PC,Dividend,DX-PC announced a cash dividend of 0.431 with an ex-date of Apr. 1 2025,2025-04-01,0.431
CDZIP,Dividend,CDZIP announced a cash dividend of 0.55 with an ex-date of Apr. 4 2025,2025-04-04,0.55
RBCPF,Dividend,RBCPF announced a cash dividend of 0.20 with an ex-date of Apr. 24 2025,2025-04-24,0.20
RYLBF,Dividend,RYLBF announced a cash dividend of 0.368 with an ex-date of Apr. 24 2025,2025-04-24,0.368
NYMTZ,Dividend,NYMTZ announced a cash dividend of 0.438 with an ex-date of Apr. 1 2025,2025-04-01,0.438
NYMTL,Dividend,NYMTL announced a cash dividend of 0.43 with an ex-date of Apr. 1 2025,2025-04-01,0.43
NYMTM,Dividend,NYMTM announced a cash dividend of 0.687 with an ex-date of Apr. 1 2025,2025-04-01,0.687
BFS-PE,Dividend,BFS-PE announced a cash dividend of 0.375 with an ex-date of Apr. 1 2025,2025-04-01,0.375
TDBKF,Dividend,TDBKF announced a cash dividend of 0.20 with an ex-date of Apr. 10 2025,2025-04-10,0.20
SQFTP,Dividend,SQFTP announced a cash dividend of 0.195 with an ex-date of Mar. 31 2025,2025-03-31,0.195
SEAL-PA,Dividend,SEAL-PA announced a cash dividend of 0.562 with an ex-date of Mar. 31 2025,2025-03-31,0.562
SEAL-PB,Dividend,SEAL-PB announced a cash dividend of 0.531 with an ex-date of Mar. 31 2025,2025-03-31,0.531
ACR-PC,Dividend,ACR-PC announced a cash dividend of 0.638 with an ex-date of Apr. 1 2025,2025-04-01,0.638
ACR-PD,Dividend,ACR-PD announced a cash dividend of 0.492 with an ex-date of Apr. 1 2025,2025-04-01,0.492
CADE-PA,Dividend,CADE-PA announced a cash dividend of 0.344 with an ex-date of Apr. 30 2025,2025-04-30,0.344
SHO-PH,Dividend,SHO-PH announced a cash dividend of 0.383 with an ex-date of Mar. 31 2025,2025-03-31,0.383
SHO-PI,Dividend,SHO-PI announced a cash dividend of 0.356 with an ex-date of Mar. 31 2025,2025-03-31,0.356
PSEC-PA,Dividend,PSEC-PA announced a cash dividend of 0.334 with an ex-date of Apr. 17 2025,2025-04-17,0.334
OXLCP,Dividend,OXLCP announced a cash dividend of 0.13 with an ex-date of Apr. 16 2025,2025-04-16,0.13
OXLCN,Dividend,OXLCN announced a cash dividend of 0.148 with an ex-date of Apr. 16 2025,2025-04-16,0.148
PEB-PG,Dividend,PEB-PG announced a cash dividend of 0.398 with an ex-date of Mar. 31 2025,2025-03-31,0.398
PEB-PH,Dividend,PEB-PH announced a cash dividend of 0.356 with an ex-date of Mar. 31 2025,2025-03-31,0.356
EFC-PA,Dividend,EFC-PA announced a cash dividend of 0.609 with an ex-date of Mar. 31 2025,2025-03-31,0.609
EFC-PB,Dividend,EFC-PB announced a cash dividend of 0.391 with an ex-date of Mar. 31 2025,2025-03-31,0.391
EFC-PC,Dividend,EFC-PC announced a cash dividend of 0.539 with an ex-date of Mar. 31 2025,2025-03-31,0.539
AGNCL,Dividend,AGNCL announced a cash dividend of 0.484 with an ex-date of Apr. 1 2025,2025-04-01,0.484
AGNCO,Dividend,AGNCO announced a cash dividend of 0.598 with an ex-date of Apr. 1 2025,2025-04-01,0.598
AGNCP,Dividend,AGNCP announced a cash dividend of 0.383 with an ex-date of Apr. 1 2025,2025-04-01,0.383
RC-PC,Dividend,RC-PC announced a cash dividend of 0.391 with an ex-date of Mar. 31 2025,2025-03-31,0.391
RC-PE,Dividend,RC-PE announced a cash dividend of 0.406 with an ex-date of Mar. 31 2025,2025-03-31,0.406
LBRDP,Dividend,LBRDP announced a cash dividend of 0.438 with an ex-date of Mar. 31 2025,2025-03-31,0.438
CLDT-PA,Dividend,CLDT-PA announced a cash dividend of 0.414 with an ex-date of Mar. 31 2025,2025-03-31,0.414
MDV-PA,Dividend,MDV-PA announced a cash dividend of 0.461 with an ex-date of Mar. 31 2025,2025-03-31,0.461
GPMT-PA,Dividend,GPMT-PA announced a cash dividend of 0.438 with an ex-date of Apr. 1 2025,2025-04-01,0.438
DBRG-PH,Dividend,DBRG-PH announced a cash dividend of 0.445 with an ex-date of Apr. 10 2025,2025-04-10,0.445
DBRG-PI,Dividend,DBRG-PI announced a cash dividend of 0.447 with an ex-date of Apr. 10 2025,2025-04-10,0.447
DBRG-PJ,Dividend,DBRG-PJ announced a cash dividend of 0.445 with an ex-date of Apr. 10 2025,2025-04-10,0.445
EICA,Dividend,EICA announced a cash dividend of 0.104 with an ex-date of Apr. 10 2025,2025-04-10,0.104
EICC,Dividend,EICC announced a cash dividend of 0.167 with an ex-date of Apr. 10 2025,2025-04-10,0.167
ATCO-PD,Dividend,ATCO-PD announced a cash dividend of 0.497 with an ex-date of Apr. 29 2025,2025-04-29,0.497
ATCO-PH,Dividend,ATCO-PH announced a cash dividend of 0.492 with an ex-date of Apr. 29 2025,2025-04-29,0.492
BEP-PA,Dividend,BEP-PA announced a cash dividend of 0.328 with an ex-date of Apr. 15 2025,2025-04-15,0.328
BRENF,Dividend,BRENF announced a cash dividend of 0.344 with an ex-date of Apr. 15 2025,2025-04-15,0.344
VIASP,Dividend,VIASP announced a cash dividend of 0.696 with an ex-date of Apr. 1 2025,2025-04-01,0.696
LFT-PA,Dividend,LFT-PA announced a cash dividend of 0.492 with an ex-date of Apr. 1 2025,2025-04-01,0.492
GNL-PE,Dividend,GNL-PE announced a cash dividend of 0.461 with an ex-date of Apr. 4 2025,2025-04-04,0.461
GNL-PD,Dividend,GNL-PD announced a cash dividend of 0.469 with an ex-date of Apr. 4 2025,2025-04-04,0.469
GNL-PB,Dividend,GNL-PB announced a cash dividend of 0.43 with an ex-date of Apr. 4 2025,2025-04-04,0.43
OCCIM,Dividend,OCCIM announced a cash dividend of 0.164 with an ex-date of Apr. 17 2025,2025-04-17,0.164
OCCIN,Dividend,OCCIN announced a cash dividend of 0.109 with an ex-date of Apr. 17 2025,2025-04-17,0.109
OCCIO,Dividend,OCCIO announced a cash dividend of 0.128 with an ex-date of Apr. 17 2025,2025-04-17,0.128
NREF-PA,Dividend,NREF-PA announced a cash dividend of 0.531 with an ex-date of Apr. 15 2025,2025-04-15,0.531
FATBP,Dividend,FATBP announced a cash dividend of 0.172 with an ex-date of Apr. 10 2025,2025-04-10,0.172
FBRT-PE,Dividend,FBRT-PE announced a cash dividend of 0.469 with an ex-date of Mar. 31 2025,2025-03-31,0.469
CCLDO,Dividend,CCLDO announced a cash dividend of 0.182 with an ex-date of Apr. 30 2025,2025-04-30,0.182
ECCC,Dividend,ECCC announced a cash dividend of 0.135 with an ex-date of Apr. 10 2025,2025-04-10,0.135
ECC-PD,Dividend,ECC-PD announced a cash dividend of 0.141 with an ex-date of Apr. 10 2025,2025-04-10,0.141
ECCF,Dividend,ECCF announced a cash dividend of 0.167 with an ex-date of Apr. 10 2025,2025-04-10,0.167
OUTFF,Dividend,OUTFF announced a cash dividend of 0.13 with an ex-date of Apr. 4 2025,2025-04-04,0.13
